{
  "random_policy": {
    "avg_reward": 0.24770051431468748,
    "std_reward": 0.3293399971269266,
    "purchase_rate": 0.529,
    "escalation_rate": 0.465,
    "avg_turns": 2.862
  }
}